lycee;diplome;modalite
Lycée Émile Zola;Bac général;temps plein
Lycée Émile Zola;Bac techno STMG;temps plein
Lycée Chateaubriand;Bac général;temps plein
Lycée Joliot Curie;Bac général;temps plein
Lycée Joliot Curie;Bac techno STI2D;temps plein
Lycée Joliot Curie;Bac techno STL;temps plein
Lycée René Descartes;Bac général;temps plein
Lycée Jean Macé;Bac général;temps plein
Lycée Jean Macé;Bac techno STMG;temps plein
Lycée Jean Macé;BTS commerce international;temps plein
Lycée Jean Macé;BTS support à l'action managériale;temps plein
Lycée Victor et Hélène Basch;Bac général;temps plein
Lycée Victor et Hélène Basch;Bac techno STI2D;temps plein
Lycée polyvalent Pierre Mendès France;Bac général;temps plein
Lycée polyvalent Pierre Mendès France;Bac techno STI2D;temps plein
Lycée polyvalent Pierre Mendès France;Bac pro Technicien du bâtiment;temps plein
Lycée polyvalent Pierre Mendès France;BTS Bâtiment;temps plein
Lycée professionnel Louis Guilloux;CAP Cuisine;temps plein
Lycée professionnel Louis Guilloux;CAP Pâtissier;temps plein
Lycée professionnel Louis Guilloux;Bac pro Cuisine;temps plein
Lycée professionnel Louis Guilloux;BTS Management en hôtellerie restauration;temps plein
Lycée professionnel Jean Jaurès;Bac pro Commerce;temps plein
Lycée professionnel Jean Jaurès;Bac pro Vente;temps plein
Lycée professionnel Coëtlogon;Bac pro Métiers de la mode;temps plein
Lycée professionnel Coëtlogon;Bac pro Métiers du commerce;temps plein
Lycée Bréquigny;Bac pro Assistance à la gestion des organisations;temps plein
Lycée Bréquigny;Bac pro Métiers du commerce;temps plein
Lycée Assomption;Bac général;temps plein
Lycée Assomption;CPGE Littéraire;temps plein
Lycée Assomption;CPGE Scientifique;temps plein
Lycée La Mennais;Bac général;temps plein
Lycée Saint-Martin - Quartier Sainte-Anne;Bac général;temps plein
Lycée Saint-Martin - Quartier Sainte-Anne;Bac techno STMG;temps plein
Lycée Saint-Martin - Quartier Sainte-Geneviève;Bac général;temps plein
Lycée polyvalent Saint-Vincent Providence;Bac général;temps plein
Lycée polyvalent Saint-Vincent Providence;Bac techno ST2S;temps plein
Lycée polyvalent Saint-Vincent Providence;Bac pro Accompagnement soins et services;temps plein
Lycée polyvalent Jeanne d'Arc;Bac général;temps plein
Lycée polyvalent Jeanne d'Arc;Bac techno STMG;temps plein
Lycée de La Salle;Bac techno STMG;temps plein
Lycée de La Salle;BTS Commerce;temps plein
Lycée de La Salle;BTS Gestion;temps plein
Lycée Saint-Exupéry - The Land;Bac général;temps plein
Lycée Saint-Exupéry - The Land;Bac techno STAV;temps plein
Lycée professionnel Sainte-Geneviève;Bac pro Accompagnement soins et services;temps plein
Lycée professionnel Saint-Vincent Providence;Bac pro Accompagnement soins et services;temps plein
Lycée Sévigné;Bac général;temps plein
Lycée polyvalent Frédéric Ozanam;Bac général;temps plein
Lycée polyvalent Frédéric Ozanam;Bac techno ST2S;temps plein
Lycée polyvalent Frédéric Ozanam;Bac pro Accompagnement soins et services;temps plein
Lycée Anita Conti;Bac général;temps plein
Lycée Saint-Joseph;Bac général;temps plein
Lycée Saint-Joseph;Bac techno STMG;temps plein
Lycée polyvalent Théodore Monod;Bac général;temps plein
Lycée polyvalent Théodore Monod;Bac techno STI2D;temps plein
Lycée polyvalent Théodore Monod;Bac pro Technicien en chaudronnerie;temps plein
Lycée Jean-Paul II;Bac général;temps plein
Lycée Jean-Paul II;Bac techno STMG;temps plein
