lycee;formation;duree;code_diplome
Lycée Émile Zola;Classe de 2de générale et technologique;1 an;
Lycée Émile Zola;Classe de 1re générale;1 an;
Lycée Émile Zola;Classe de Terminale générale;1 an;
Lycée Émile Zola;Classe de 1re STMG;1 an;
Lycée Émile Zola;Classe de Terminale STMG;1 an;
Lycée Chateaubriand;Classe de 2de générale et technologique;1 an;
Lycée Chateaubriand;Classe de 1re générale;1 an;
Lycée Chateaubriand;Classe de Terminale générale;1 an;
Lycée Joliot Curie;Classe de 2de générale et technologique;1 an;
Lycée Joliot Curie;Classe de 1re générale;1 an;
Lycée Joliot Curie;Classe de Terminale générale;1 an;
Lycée Joliot Curie;Classe de 1re STI2D;1 an;
Lycée Joliot Curie;Classe de Terminale STI2D;1 an;
Lycée Joliot Curie;Classe de 1re STL;1 an;
Lycée Joliot Curie;Classe de Terminale STL;1 an;
Lycée René Descartes;Classe de 2de générale et technologique;1 an;
Lycée René Descartes;Classe de 1re générale;1 an;
Lycée René Descartes;Classe de Terminale générale;1 an;
Lycée Jean Macé;Classe de 2de générale et technologique;1 an;
Lycée Jean Macé;Classe de 1re générale;1 an;
Lycée Jean Macé;Classe de Terminale générale;1 an;
Lycée Jean Macé;Classe de 1re STMG;1 an;
Lycée Jean Macé;Classe de Terminale STMG;1 an;
Lycée Jean Macé;BTS Commerce international - 1re année;1 an;
Lycée Jean Macé;BTS Commerce international - 2e année;1 an;
Lycée Jean Macé;BTS Support à l'action managériale - 1re année;1 an;
Lycée Jean Macé;BTS Support à l'action managériale - 2e année;1 an;
Lycée Victor et Hélène Basch;Classe de 2de générale et technologique;1 an;
Lycée Victor et Hélène Basch;Classe de 1re générale;1 an;
Lycée Victor et Hélène Basch;Classe de Terminale générale;1 an;
Lycée Victor et Hélène Basch;Classe de 1re STI2D;1 an;
Lycée Victor et Hélène Basch;Classe de Terminale STI2D;1 an;
Lycée polyvalent Pierre Mendès France;Classe de 2de générale et technologique;1 an;
Lycée polyvalent Pierre Mendès France;Classe de 1re générale;1 an;
Lycée polyvalent Pierre Mendès France;Classe de Terminale générale;1 an;
Lycée polyvalent Pierre Mendès France;Classe de 1re STI2D;1 an;
Lycée polyvalent Pierre Mendès France;Classe de Terminale STI2D;1 an;
Lycée polyvalent Pierre Mendès France;Bac pro Technicien du bâtiment - 2de;3 ans;
Lycée polyvalent Pierre Mendès France;Bac pro Technicien du bâtiment - 1re;3 ans;
Lycée polyvalent Pierre Mendès France;Bac pro Technicien du bâtiment - Terminale;3 ans;
Lycée polyvalent Pierre Mendès France;BTS Bâtiment - 1re année;2 ans;
Lycée polyvalent Pierre Mendès France;BTS Bâtiment - 2e année;2 ans;
Lycée professionnel Louis Guilloux;3ème prépa-métiers;1 an;
Lycée professionnel Louis Guilloux;CAP Cuisine - 1re année;2 ans;
Lycée professionnel Louis Guilloux;CAP Cuisine - 2e année;2 ans;
Lycée professionnel Louis Guilloux;CAP Pâtissier - 1re année;2 ans;
Lycée professionnel Louis Guilloux;CAP Pâtissier - 2e année;2 ans;
Lycée professionnel Louis Guilloux;Bac pro Cuisine - 2de;3 ans;
Lycée professionnel Louis Guilloux;Bac pro Cuisine - 1re;3 ans;
Lycée professionnel Louis Guilloux;Bac pro Cuisine - Terminale;3 ans;
Lycée professionnel Louis Guilloux;BTS Management en hôtellerie restauration - 1re année;2 ans;
Lycée professionnel Louis Guilloux;BTS Management en hôtellerie restauration - 2e année;2 ans;
Lycée professionnel Jean Jaurès;3ème prépa-métiers;1 an;
Lycée professionnel Jean Jaurès;Bac pro Commerce - 2de;3 ans;
Lycée professionnel Jean Jaurès;Bac pro Commerce - 1re;3 ans;
Lycée professionnel Jean Jaurès;Bac pro Commerce - Terminale;3 ans;
Lycée professionnel Jean Jaurès;Bac pro Vente - 2de;3 ans;
Lycée professionnel Jean Jaurès;Bac pro Vente - 1re;3 ans;
Lycée professionnel Jean Jaurès;Bac pro Vente - Terminale;3 ans;
Lycée professionnel Coëtlogon;3ème prépa-métiers;1 an;
Lycée professionnel Coëtlogon;Bac pro Métiers de la mode - 2de;3 ans;
Lycée professionnel Coëtlogon;Bac pro Métiers de la mode - 1re;3 ans;
Lycée professionnel Coëtlogon;Bac pro Métiers de la mode - Terminale;3 ans;
Lycée professionnel Coëtlogon;Bac pro Métiers du commerce - 2de;3 ans;
Lycée professionnel Coëtlogon;Bac pro Métiers du commerce - 1re;3 ans;
Lycée professionnel Coëtlogon;Bac pro Métiers du commerce - Terminale;3 ans;
Lycée Bréquigny;3ème prépa-métiers;1 an;
Lycée Bréquigny;Bac pro Assistance à la gestion des organisations - 2de;3 ans;
Lycée Bréquigny;Bac pro Assistance à la gestion des organisations - 1re;3 ans;
Lycée Bréquigny;Bac pro Assistance à la gestion des organisations - Terminale;3 ans;
Lycée Bréquigny;Bac pro Métiers du commerce - 2de;3 ans;
Lycée Bréquigny;Bac pro Métiers du commerce - 1re;3 ans;
Lycée Bréquigny;Bac pro Métiers du commerce - Terminale;3 ans;
Lycée Assomption;Classe de 2de générale et technologique;1 an;
Lycée Assomption;Classe de 1re générale;1 an;
Lycée Assomption;Classe de Terminale générale;1 an;
Lycée La Mennais;Classe de 2de générale et technologique;1 an;
Lycée La Mennais;Classe de 1re générale;1 an;
Lycée La Mennais;Classe de Terminale générale;1 an;
Lycée Saint-Martin - Quartier Sainte-Anne;Classe de 2de générale et technologique;1 an;
Lycée Saint-Martin - Quartier Sainte-Anne;Classe de 1re générale;1 an;
Lycée Saint-Martin - Quartier Sainte-Anne;Classe de Terminale générale;1 an;
Lycée Saint-Martin - Quartier Sainte-Anne;Classe de 1re STMG;1 an;
Lycée Saint-Martin - Quartier Sainte-Anne;Classe de Terminale STMG;1 an;
Lycée Saint-Martin - Quartier Sainte-Geneviève;Classe de 2de générale et technologique;1 an;
Lycée Saint-Martin - Quartier Sainte-Geneviève;Classe de 1re générale;1 an;
Lycée Saint-Martin - Quartier Sainte-Geneviève;Classe de Terminale générale;1 an;
Lycée polyvalent Saint-Vincent Providence;Classe de 2de générale et technologique;1 an;
Lycée polyvalent Saint-Vincent Providence;Classe de 1re générale;1 an;
Lycée polyvalent Saint-Vincent Providence;Classe de Terminale générale;1 an;
Lycée polyvalent Saint-Vincent Providence;Classe de 1re ST2S;1 an;
Lycée polyvalent Saint-Vincent Providence;Classe de Terminale ST2S;1 an;
Lycée polyvalent Saint-Vincent Providence;Bac pro Accompagnement soins et services - 2de;3 ans;
Lycée polyvalent Saint-Vincent Providence;Bac pro Accompagnement soins et services - 1re;3 ans;
Lycée polyvalent Saint-Vincent Providence;Bac pro Accompagnement soins et services - Terminale;3 ans;
Lycée polyvalent Jeanne d'Arc;Classe de 2de générale et technologique;1 an;
Lycée polyvalent Jeanne d'Arc;Classe de 1re générale;1 an;
Lycée polyvalent Jeanne d'Arc;Classe de Terminale générale;1 an;
Lycée polyvalent Jeanne d'Arc;Classe de 1re STMG;1 an;
Lycée polyvalent Jeanne d'Arc;Classe de Terminale STMG;1 an;
Lycée de La Salle;Classe de 1re STMG;1 an;
Lycée de La Salle;Classe de Terminale STMG;1 an;
Lycée de La Salle;BTS Commerce - 1re année;2 ans;
Lycée de La Salle;BTS Commerce - 2e année;2 ans;
Lycée de La Salle;BTS Gestion - 1re année;2 ans;
Lycée de La Salle;BTS Gestion - 2e année;2 ans;
Lycée Saint-Exupéry - The Land;Classe de 2de générale et technologique;1 an;
Lycée Saint-Exupéry - The Land;Classe de 1re générale;1 an;
Lycée Saint-Exupéry - The Land;Classe de Terminale générale;1 an;
Lycée Saint-Exupéry - The Land;Classe de 1re STAV;1 an;
Lycée Saint-Exupéry - The Land;Classe de Terminale STAV;1 an;
Lycée professionnel Sainte-Geneviève;3ème prépa-métiers;1 an;
Lycée professionnel Sainte-Geneviève;Bac pro Accompagnement soins et services - 2de;3 ans;
Lycée professionnel Sainte-Geneviève;Bac pro Accompagnement soins et services - 1re;3 ans;
Lycée professionnel Sainte-Geneviève;Bac pro Accompagnement soins et services - Terminale;3 ans;
Lycée professionnel Saint-Vincent Providence;3ème prépa-métiers;1 an;
Lycée professionnel Saint-Vincent Providence;Bac pro Accompagnement soins et services - 2de;3 ans;
Lycée professionnel Saint-Vincent Providence;Bac pro Accompagnement soins et services - 1re;3 ans;
Lycée professionnel Saint-Vincent Providence;Bac pro Accompagnement soins et services - Terminale;3 ans;
Lycée Sévigné;Classe de 2de générale et technologique;1 an;
Lycée Sévigné;Classe de 1re générale;1 an;
Lycée Sévigné;Classe de Terminale générale;1 an;
Lycée polyvalent Frédéric Ozanam;Classe de 2de générale et technologique;1 an;
Lycée polyvalent Frédéric Ozanam;Classe de 1re générale;1 an;
Lycée polyvalent Frédéric Ozanam;Classe de Terminale générale;1 an;
Lycée polyvalent Frédéric Ozanam;Classe de 1re ST2S;1 an;
Lycée polyvalent Frédéric Ozanam;Classe de Terminale ST2S;1 an;
Lycée polyvalent Frédéric Ozanam;Bac pro Accompagnement soins et services - 2de;3 ans;
Lycée polyvalent Frédéric Ozanam;Bac pro Accompagnement soins et services - 1re;3 ans;
Lycée polyvalent Frédéric Ozanam;Bac pro Accompagnement soins et services - Terminale;3 ans;
Lycée Anita Conti;Classe de 2de générale et technologique;1 an;
Lycée Anita Conti;Classe de 1re générale;1 an;
Lycée Anita Conti;Classe de Terminale générale;1 an;
Lycée Saint-Joseph;Classe de 2de générale et technologique;1 an;
Lycée Saint-Joseph;Classe de 1re générale;1 an;
Lycée Saint-Joseph;Classe de Terminale générale;1 an;
Lycée Saint-Joseph;Classe de 1re STMG;1 an;
Lycée Saint-Joseph;Classe de Terminale STMG;1 an;
Lycée polyvalent Théodore Monod;Classe de 2de générale et technologique;1 an;
Lycée polyvalent Théodore Monod;Classe de 1re générale;1 an;
Lycée polyvalent Théodore Monod;Classe de Terminale générale;1 an;
Lycée polyvalent Théodore Monod;Classe de 1re STI2D;1 an;
Lycée polyvalent Théodore Monod;Classe de Terminale STI2D;1 an;
Lycée polyvalent Théodore Monod;Bac pro Technicien en chaudronnerie - 2de;3 ans;
Lycée polyvalent Théodore Monod;Bac pro Technicien en chaudronnerie - 1re;3 ans;
Lycée polyvalent Théodore Monod;Bac pro Technicien en chaudronnerie - Terminale;3 ans;
Lycée Jean-Paul II;Classe de 2de générale et technologique;1 an;
Lycée Jean-Paul II;Classe de 1re générale;1 an;
Lycée Jean-Paul II;Classe de Terminale générale;1 an;
Lycée Jean-Paul II;Classe de 1re STMG;1 an;
Lycée Jean-Paul II;Classe de Terminale STMG;1 an;
